train_acc,train_loss,val_acc,val_loss
0.024715789473684212,4.457402,0.034800000000000005,4.334125
0.03648421052631579,4.270637,0.0524,4.167259
0.04753684210526317,4.142304,0.044800000000000006,4.1444206
